<?xml version="1.0" encoding="UTF-8"?>
<chunk version="1.2.0" label="Chunk 1" enabled="true">
  <sensors next_id="0"/>
  <components next_id="0"/>
  <cameras next_id="0" next_group_id="0"/>
  <frames next_id="1">
    <frame id="0" path="0/frame.zip"/>
  </frames>
  <reference>PROJCS["WGS 84 / UTM zone 33N",GEOGCS["WGS 84",DATUM["World Geodetic System 1984",SPHEROID["WGS 84",6378137,298.257223563,AUTHORITY["EPSG","7030"]],TOWGS84[0,0,0,0,0,0,0],AUTHORITY["EPSG","6326"]],PRIMEM["Greenwich",0,AUTHORITY["EPSG","8901"]],UNIT["degree",0.01745329251994328,AUTHORITY["EPSG","9102"]],AUTHORITY["EPSG","4326"]],PROJECTION["Transverse_Mercator",AUTHORITY["EPSG","9807"]],PARAMETER["latitude_of_origin",0],PARAMETER["central_meridian",15],PARAMETER["scale_factor",0.9996],PARAMETER["false_easting",500000],PARAMETER["false_northing",0],UNIT["metre",1,AUTHORITY["EPSG","9001"]],AUTHORITY["EPSG","32633"]]</reference>
  <settings>
    <property name="accuracy_tiepoints" value="1"/>
    <property name="accuracy_cameras" value="10"/>
    <property name="accuracy_cameras_ypr" value="10"/>
    <property name="accuracy_markers" value="0.0050000000000000001"/>
    <property name="accuracy_scalebars" value="0.001"/>
    <property name="accuracy_projections" value="0.5"/>
  </settings>
  <meta>
    <property name="Info/LastSavedDateTime" value="2022:01:18 15:32:08"/>
    <property name="Info/LastSavedSoftwareVersion" value="1.7.1.11797"/>
  </meta>
</chunk>
